,emocao,tempo,size
0,Desatento,0.0,4
1,Desatento,2.0,4
2,Desatento,4.0,4
3,Desatento,6.0,4
4,Desatento,8.0,4
5,Desatento,10.0,4
6,Desatento,12.0,5
7,Desatento,14.0,6
8,Desatento,16.0,6
9,Desatento,18.0,6
10,Desatento,20.0,6
11,Desatento,22.0,5
12,Desatento,24.0,5
13,Desatento,28.0,7
14,Desatento,30.0,8
15,Desatento,32.0,4
16,Desatento,34.0,6
17,Desatento,36.0,6
18,Desatento,38.0,7
19,Desatento,40.0,6
20,Desatento,42.0,6
21,Desatento,44.0,6
22,Desatento,46.0,6
23,Desatento,48.0,6
24,Desatento,50.0,6
25,Desatento,52.0,6
26,Desatento,54.0,6
27,Desatento,56.0,6
28,Desatento,58.0,5
29,Desatento,60.0,5
30,Desatento,62.0,7
31,Desatento,64.0,5
32,Desatento,66.0,6
33,Desatento,68.0,5
34,Desatento,70.0,5
35,Desatento,72.0,7
36,Desatento,74.0,6
37,Desatento,76.0,6
38,Desatento,78.0,6
39,Desatento,80.0,6
40,Desatento,82.0,6
41,Desatento,84.0,6
42,Desatento,86.0,5
43,Desatento,88.0,5
44,Desatento,90.0,5
45,Desatento,92.0,5
46,Desatento,94.0,5
47,Desatento,96.0,5
48,Desatento,98.0,5
49,Desatento,100.0,5
50,Desatento,102.0,5
51,Desatento,104.0,6
52,Desatento,106.0,6
53,Desatento,108.0,6
54,Desatento,110.0,6
55,Desatento,112.0,5
56,Desatento,114.0,5
57,Desatento,116.0,5
58,Desatento,118.0,5
59,Desatento,120.0,6
60,Desatento,122.0,6
61,Desatento,124.0,6
62,Desatento,126.0,5
63,Desatento,128.0,5
64,Desatento,130.0,5
65,Desatento,132.0,5
66,Desatento,134.0,5
67,Desatento,136.0,5
68,Desatento,138.0,6
69,Desatento,140.0,6
70,Desatento,142.0,5
71,Desatento,144.0,4
72,Desatento,146.0,4
73,Desatento,148.0,5
74,Desatento,150.0,5
75,Desatento,152.0,5
76,Desatento,154.0,5
77,Desatento,158.0,5
78,Desatento,160.0,5
79,Desatento,162.0,5
80,Desatento,164.0,7
81,Desatento,166.0,6
82,Desatento,168.0,7
83,Desatento,170.0,7
84,Desatento,172.0,7
85,Desatento,174.0,5
86,Desatento,176.0,6
87,Desatento,178.0,5
88,Desatento,180.0,5
89,Desatento,182.0,5
90,Desatento,186.0,4
91,Desatento,188.0,5
92,Desatento,190.0,5
93,Desatento,192.0,6
94,Desatento,194.0,5
95,Desatento,196.0,5
96,Desatento,198.0,6
97,Desatento,200.0,6
98,Desatento,202.0,6
99,Desatento,204.0,6
100,Desatento,206.0,6
101,Desatento,208.0,6
102,Desatento,210.0,6
103,Desatento,212.0,6
104,Desatento,214.0,6
105,Desatento,216.0,6
106,Desatento,218.0,6
107,Desatento,220.0,6
108,Desatento,222.0,6
109,Desatento,224.0,6
110,Desatento,226.0,6
111,Desatento,228.0,6
112,Desatento,230.0,6
113,Desatento,232.0,6
114,Desatento,234.0,6
115,Desatento,236.0,6
116,Desatento,238.0,5
117,Desatento,240.0,5
118,Desatento,242.0,5
119,Desatento,244.0,6
120,Desatento,246.0,6
121,Desatento,248.0,5
122,Desatento,250.0,5
123,Desatento,252.0,6
124,Desatento,254.0,6
125,Desatento,256.0,6
126,Desatento,258.0,7
127,Desatento,260.0,6
128,Desatento,262.0,6
129,Desatento,264.0,6
130,Desatento,268.0,7
131,Desatento,270.0,6
132,Desatento,272.0,6
133,Desatento,274.0,7
134,Desatento,276.0,7
135,Desatento,280.0,7
136,Desatento,282.0,6
137,Desatento,284.0,5
138,Desatento,286.0,5
139,Desatento,288.0,5
140,Desatento,290.0,5
141,Desatento,292.0,5
142,Desatento,294.0,5
143,Desatento,296.0,5
144,Desatento,298.0,6
145,Desatento,300.0,6
146,Desatento,302.0,4
147,Desatento,304.0,5
148,Desatento,306.0,4
149,Desatento,308.0,5
150,Desatento,310.0,6
151,Desatento,312.0,6
152,Desatento,314.0,6
153,Desatento,316.0,4
154,Desatento,318.0,4
155,Desatento,320.0,4
156,Desatento,322.0,5
157,Desatento,324.0,5
158,Desatento,326.0,3
159,Desatento,328.0,4
160,Desatento,330.0,4
161,Desatento,332.0,3
162,Desatento,334.0,4
163,Desatento,336.0,4
164,Desatento,338.0,4
165,Desatento,340.0,4
166,Desatento,342.0,3
167,Desatento,344.0,4
168,Desatento,346.0,4
169,Desatento,348.0,4
170,Desatento,350.0,4
171,Desatento,352.0,3
172,Desatento,354.0,5
173,Desatento,356.0,6
174,Desatento,358.0,5
175,Desatento,360.0,5
176,Desatento,362.0,5
177,Desatento,364.0,4
178,Desatento,366.0,5
179,Desatento,368.0,5
180,Desatento,370.0,4
181,Desatento,372.0,5
182,Desatento,374.0,5
183,Desatento,376.0,5
184,Desatento,378.0,5
185,Desatento,380.0,5
186,Desatento,382.0,5
187,Desatento,384.0,5
188,Desatento,386.0,5
189,Desatento,388.0,6
190,Desatento,390.0,6
191,Desatento,392.0,6
192,Desatento,394.0,7
193,Desatento,396.0,5
194,Desatento,398.0,5
195,Desatento,400.0,4
196,Desatento,402.0,6
197,Desatento,404.0,6
198,Desatento,406.0,5
199,Desatento,408.0,6
200,Desatento,410.0,5
201,Desatento,412.0,5
202,Desatento,414.0,4
203,Desatento,416.0,3
204,Desatento,418.0,5
205,Desatento,420.0,5
206,Desatento,422.0,5
207,Desatento,424.0,6
208,Desatento,426.0,3
209,Desatento,428.0,3
210,Desatento,430.0,3
211,Desatento,432.0,4
212,Desatento,434.0,3
213,Desatento,436.0,5
214,Desatento,438.0,3
215,Desatento,440.0,2
216,Desatento,442.0,2
217,Desatento,444.0,5
218,Desatento,446.0,5
219,Desatento,448.0,3
220,Desatento,450.0,6
221,Desatento,452.0,6
222,Desatento,454.0,7
223,Desatento,456.0,7
224,Desatento,458.0,6
225,Desatento,460.0,5
226,Desatento,462.0,5
227,Desatento,464.0,5
228,Desatento,466.0,5
229,Desatento,468.0,5
230,Desatento,470.0,5
231,Desatento,472.0,5
232,Desatento,474.0,5
233,Desatento,476.0,5
234,Desatento,478.0,6
235,Desatento,480.0,5
236,Desatento,482.0,6
237,Desatento,484.0,6
238,Desatento,486.0,6
239,Desatento,488.0,5
240,Desatento,490.0,5
241,Desatento,492.0,6
242,Desatento,494.0,5
243,Desatento,496.0,5
244,Desatento,498.0,5
245,Desatento,500.0,5
246,Desatento,502.0,5
247,Desatento,504.0,5
248,Desatento,506.0,5
249,Desatento,508.0,5
250,Desatento,510.0,5
251,Desatento,512.0,5
252,Desatento,514.0,5
253,Desatento,516.0,6
254,Desatento,518.0,5
255,Desatento,520.0,5
256,Desatento,522.0,3
257,Desatento,524.0,3
258,Desatento,526.0,3
259,Desatento,528.0,3
260,Desatento,530.0,4
261,Desatento,532.0,3
262,Desatento,534.0,3
263,Desatento,536.0,3
264,Desatento,538.0,3
265,Desatento,540.0,4
266,Desatento,542.0,4
267,Desatento,544.0,4
268,Desatento,548.0,3
269,Desatento,550.0,4
270,Desatento,558.0,5
271,Desatento,560.0,5
272,Desatento,562.0,6
273,Desatento,564.0,6
274,Desatento,566.0,4
275,Desatento,568.0,4
276,Desatento,570.0,5
277,Desatento,572.0,5
278,Desatento,574.0,4
279,Desatento,576.0,4
280,Desatento,578.0,3
281,Desatento,580.0,3
282,Desatento,582.0,3
283,Desatento,584.0,4
284,Desatento,586.0,4
285,Desatento,588.0,4
286,Desatento,590.0,3
287,Desatento,592.0,5
288,Desatento,594.0,4
289,Desatento,596.0,5
290,Desatento,598.0,4
291,Desatento,600.0,3
292,Desatento,602.0,3
293,Desatento,604.0,4
294,Desatento,606.0,4
295,Desatento,608.0,3
296,Desatento,610.0,4
297,Desatento,612.0,4
298,Desatento,614.0,4
299,Desatento,616.0,5
300,Desatento,618.0,5
301,Desatento,620.0,5
302,Desatento,622.0,4
303,Desatento,624.0,4
304,Desatento,626.0,3
305,Desatento,628.0,3
306,Desatento,630.0,3
307,Desatento,632.0,4
308,Desatento,634.0,3
309,Desatento,636.0,3
310,Desatento,638.0,3
311,Desatento,640.0,5
312,Desatento,642.0,5
313,Desatento,644.0,6
314,Desatento,646.0,4
315,Desatento,648.0,5
316,Desatento,650.0,6
317,Desatento,652.0,4
318,Desatento,654.0,4
319,Desatento,656.0,4
320,Desatento,658.0,4
321,Desatento,660.0,3
322,Desatento,662.0,4
323,Desatento,664.0,4
324,Desatento,670.0,6
325,Desatento,674.0,5
326,Desatento,678.0,5
327,Desatento,680.0,4
328,Desatento,682.0,4
329,Desatento,684.0,5
330,Desatento,686.0,4
331,Desatento,688.0,6
332,Inquieto,0.0,7
333,Inquieto,2.0,7
334,Inquieto,4.0,6
335,Inquieto,6.0,7
336,Inquieto,8.0,6
337,Inquieto,10.0,5
338,Inquieto,12.0,6
339,Inquieto,14.0,7
340,Inquieto,16.0,7
341,Inquieto,18.0,7
342,Inquieto,20.0,7
343,Inquieto,22.0,6
344,Inquieto,24.0,7
345,Inquieto,28.0,8
346,Inquieto,30.0,9
347,Inquieto,32.0,6
348,Inquieto,34.0,7
349,Inquieto,36.0,6
350,Inquieto,38.0,8
351,Inquieto,40.0,8
352,Inquieto,42.0,8
353,Inquieto,44.0,8
354,Inquieto,46.0,7
355,Inquieto,48.0,8
356,Inquieto,50.0,7
357,Inquieto,52.0,8
358,Inquieto,54.0,8
359,Inquieto,56.0,7
360,Inquieto,58.0,6
361,Inquieto,60.0,6
362,Inquieto,62.0,7
363,Inquieto,64.0,6
364,Inquieto,66.0,7
365,Inquieto,68.0,6
366,Inquieto,70.0,6
367,Inquieto,72.0,8
368,Inquieto,74.0,7
369,Inquieto,76.0,7
370,Inquieto,78.0,7
371,Inquieto,80.0,7
372,Inquieto,82.0,7
373,Inquieto,84.0,6
374,Inquieto,86.0,6
375,Inquieto,88.0,6
376,Inquieto,90.0,6
377,Inquieto,92.0,6
378,Inquieto,94.0,6
379,Inquieto,96.0,6
380,Inquieto,98.0,6
381,Inquieto,100.0,6
382,Inquieto,102.0,6
383,Inquieto,104.0,7
384,Inquieto,106.0,8
385,Inquieto,108.0,7
386,Inquieto,110.0,7
387,Inquieto,112.0,6
388,Inquieto,114.0,6
389,Inquieto,116.0,6
390,Inquieto,118.0,6
391,Inquieto,120.0,7
392,Inquieto,122.0,6
393,Inquieto,124.0,7
394,Inquieto,126.0,7
395,Inquieto,128.0,7
396,Inquieto,130.0,6
397,Inquieto,132.0,7
398,Inquieto,134.0,6
399,Inquieto,136.0,6
400,Inquieto,138.0,6
401,Inquieto,140.0,8
402,Inquieto,142.0,8
403,Inquieto,144.0,6
404,Inquieto,146.0,6
405,Inquieto,148.0,7
406,Inquieto,150.0,7
407,Inquieto,152.0,6
408,Inquieto,154.0,7
409,Inquieto,158.0,8
410,Inquieto,160.0,8
411,Inquieto,162.0,7
412,Inquieto,164.0,7
413,Inquieto,166.0,7
414,Inquieto,168.0,8
415,Inquieto,170.0,8
416,Inquieto,172.0,8
417,Inquieto,174.0,6
418,Inquieto,176.0,6
419,Inquieto,178.0,6
420,Inquieto,180.0,7
421,Inquieto,182.0,6
422,Inquieto,186.0,5
423,Inquieto,188.0,6
424,Inquieto,190.0,7
425,Inquieto,192.0,7
426,Inquieto,194.0,5
427,Inquieto,196.0,7
428,Inquieto,198.0,7
429,Inquieto,200.0,7
430,Inquieto,202.0,7
431,Inquieto,204.0,7
432,Inquieto,206.0,7
433,Inquieto,208.0,7
434,Inquieto,210.0,7
435,Inquieto,212.0,7
436,Inquieto,214.0,7
437,Inquieto,216.0,7
438,Inquieto,218.0,7
439,Inquieto,220.0,7
440,Inquieto,222.0,6
441,Inquieto,224.0,7
442,Inquieto,226.0,7
443,Inquieto,228.0,7
444,Inquieto,230.0,7
445,Inquieto,232.0,7
446,Inquieto,234.0,7
447,Inquieto,236.0,7
448,Inquieto,238.0,6
449,Inquieto,240.0,6
450,Inquieto,242.0,7
451,Inquieto,244.0,8
452,Inquieto,246.0,7
453,Inquieto,248.0,6
454,Inquieto,250.0,6
455,Inquieto,252.0,6
456,Inquieto,254.0,7
457,Inquieto,256.0,7
458,Inquieto,258.0,7
459,Inquieto,260.0,7
460,Inquieto,262.0,7
461,Inquieto,264.0,7
462,Inquieto,268.0,8
463,Inquieto,270.0,7
464,Inquieto,272.0,8
465,Inquieto,274.0,8
466,Inquieto,276.0,8
467,Inquieto,280.0,8
468,Inquieto,282.0,8
469,Inquieto,284.0,7
470,Inquieto,286.0,7
471,Inquieto,288.0,6
472,Inquieto,290.0,7
473,Inquieto,292.0,6
474,Inquieto,294.0,7
475,Inquieto,296.0,6
476,Inquieto,298.0,7
477,Inquieto,300.0,7
478,Inquieto,302.0,5
479,Inquieto,304.0,6
480,Inquieto,306.0,5
481,Inquieto,308.0,5
482,Inquieto,310.0,6
483,Inquieto,312.0,7
484,Inquieto,314.0,7
485,Inquieto,316.0,5
486,Inquieto,318.0,6
487,Inquieto,320.0,4
488,Inquieto,322.0,7
489,Inquieto,324.0,6
490,Inquieto,326.0,4
491,Inquieto,328.0,5
492,Inquieto,330.0,5
493,Inquieto,332.0,5
494,Inquieto,334.0,6
495,Inquieto,336.0,6
496,Inquieto,338.0,5
497,Inquieto,340.0,6
498,Inquieto,342.0,4
499,Inquieto,344.0,6
500,Inquieto,346.0,6
501,Inquieto,348.0,5
502,Inquieto,350.0,5
503,Inquieto,352.0,4
504,Inquieto,354.0,5
505,Inquieto,356.0,8
506,Inquieto,358.0,7
507,Inquieto,360.0,7
508,Inquieto,362.0,8
509,Inquieto,364.0,6
510,Inquieto,366.0,7
511,Inquieto,368.0,7
512,Inquieto,370.0,5
513,Inquieto,372.0,7
514,Inquieto,374.0,6
515,Inquieto,376.0,8
516,Inquieto,378.0,7
517,Inquieto,380.0,5
518,Inquieto,382.0,7
519,Inquieto,384.0,7
520,Inquieto,386.0,6
521,Inquieto,388.0,7
522,Inquieto,390.0,6
523,Inquieto,392.0,7
524,Inquieto,394.0,8
525,Inquieto,396.0,6
526,Inquieto,398.0,7
527,Inquieto,400.0,6
528,Inquieto,402.0,7
529,Inquieto,404.0,7
530,Inquieto,406.0,5
531,Inquieto,408.0,7
532,Inquieto,410.0,6
533,Inquieto,412.0,6
534,Inquieto,414.0,5
535,Inquieto,416.0,4
536,Inquieto,418.0,6
537,Inquieto,420.0,6
538,Inquieto,422.0,6
539,Inquieto,424.0,6
540,Inquieto,426.0,3
541,Inquieto,428.0,4
542,Inquieto,430.0,4
543,Inquieto,432.0,4
544,Inquieto,434.0,4
545,Inquieto,436.0,5
546,Inquieto,438.0,5
547,Inquieto,440.0,4
548,Inquieto,442.0,4
549,Inquieto,444.0,6
550,Inquieto,446.0,6
551,Inquieto,448.0,4
552,Inquieto,450.0,7
553,Inquieto,452.0,7
554,Inquieto,454.0,8
555,Inquieto,456.0,7
556,Inquieto,458.0,7
557,Inquieto,460.0,6
558,Inquieto,462.0,6
559,Inquieto,464.0,5
560,Inquieto,466.0,6
561,Inquieto,468.0,6
562,Inquieto,470.0,6
563,Inquieto,472.0,5
564,Inquieto,474.0,6
565,Inquieto,476.0,6
566,Inquieto,478.0,6
567,Inquieto,480.0,6
568,Inquieto,482.0,6
569,Inquieto,484.0,6
570,Inquieto,486.0,7
571,Inquieto,488.0,6
572,Inquieto,490.0,5
573,Inquieto,492.0,6
574,Inquieto,494.0,6
575,Inquieto,496.0,4
576,Inquieto,498.0,6
577,Inquieto,500.0,6
578,Inquieto,502.0,6
579,Inquieto,504.0,6
580,Inquieto,506.0,6
581,Inquieto,508.0,5
582,Inquieto,510.0,5
583,Inquieto,512.0,6
584,Inquieto,514.0,7
585,Inquieto,516.0,5
586,Inquieto,518.0,6
587,Inquieto,520.0,6
588,Inquieto,522.0,4
589,Inquieto,524.0,4
590,Inquieto,526.0,4
591,Inquieto,528.0,4
592,Inquieto,530.0,5
593,Inquieto,532.0,3
594,Inquieto,534.0,4
595,Inquieto,536.0,3
596,Inquieto,538.0,3
597,Inquieto,540.0,3
598,Inquieto,542.0,3
599,Inquieto,544.0,5
600,Inquieto,548.0,4
601,Inquieto,550.0,5
602,Inquieto,558.0,5
603,Inquieto,560.0,5
604,Inquieto,562.0,5
605,Inquieto,564.0,6
606,Inquieto,566.0,5
607,Inquieto,568.0,5
608,Inquieto,570.0,4
609,Inquieto,572.0,6
610,Inquieto,574.0,5
611,Inquieto,576.0,4
612,Inquieto,578.0,3
613,Inquieto,580.0,4
614,Inquieto,582.0,4
615,Inquieto,584.0,4
616,Inquieto,586.0,4
617,Inquieto,588.0,6
618,Inquieto,590.0,5
619,Inquieto,592.0,7
620,Inquieto,594.0,6
621,Inquieto,596.0,6
622,Inquieto,598.0,4
623,Inquieto,600.0,4
624,Inquieto,602.0,4
625,Inquieto,604.0,4
626,Inquieto,606.0,5
627,Inquieto,608.0,4
628,Inquieto,610.0,5
629,Inquieto,612.0,5
630,Inquieto,614.0,7
631,Inquieto,616.0,6
632,Inquieto,618.0,5
633,Inquieto,620.0,5
634,Inquieto,622.0,5
635,Inquieto,624.0,6
636,Inquieto,626.0,6
637,Inquieto,628.0,5
638,Inquieto,630.0,5
639,Inquieto,632.0,5
640,Inquieto,634.0,7
641,Inquieto,636.0,4
642,Inquieto,638.0,5
643,Inquieto,640.0,8
644,Inquieto,642.0,5
645,Inquieto,644.0,7
646,Inquieto,646.0,6
647,Inquieto,648.0,6
648,Inquieto,650.0,6
649,Inquieto,652.0,6
650,Inquieto,654.0,6
651,Inquieto,656.0,6
652,Inquieto,658.0,6
653,Inquieto,660.0,4
654,Inquieto,662.0,5
655,Inquieto,664.0,6
656,Inquieto,670.0,5
657,Inquieto,674.0,7
658,Inquieto,678.0,6
659,Inquieto,680.0,6
660,Inquieto,682.0,6
661,Inquieto,684.0,7
662,Inquieto,686.0,6
663,Inquieto,688.0,6
664,Confuso,0.0,4
665,Confuso,2.0,4
666,Confuso,4.0,4
667,Confuso,6.0,4
668,Confuso,8.0,4
669,Confuso,10.0,4
670,Confuso,12.0,5
671,Confuso,14.0,6
672,Confuso,16.0,6
673,Confuso,18.0,6
674,Confuso,20.0,6
675,Confuso,22.0,5
676,Confuso,24.0,5
677,Confuso,28.0,7
678,Confuso,30.0,8
679,Confuso,32.0,4
680,Confuso,34.0,6
681,Confuso,36.0,5
682,Confuso,38.0,7
683,Confuso,40.0,6
684,Confuso,42.0,6
685,Confuso,44.0,6
686,Confuso,46.0,6
687,Confuso,48.0,6
688,Confuso,50.0,6
689,Confuso,52.0,6
690,Confuso,54.0,5
691,Confuso,56.0,6
692,Confuso,58.0,5
693,Confuso,60.0,5
694,Confuso,62.0,6
695,Confuso,64.0,5
696,Confuso,66.0,5
697,Confuso,68.0,5
698,Confuso,70.0,5
699,Confuso,72.0,6
700,Confuso,74.0,6
701,Confuso,76.0,6
702,Confuso,78.0,6
703,Confuso,80.0,5
704,Confuso,82.0,6
705,Confuso,84.0,5
706,Confuso,86.0,5
707,Confuso,88.0,5
708,Confuso,90.0,5
709,Confuso,92.0,5
710,Confuso,94.0,5
711,Confuso,96.0,5
712,Confuso,98.0,5
713,Confuso,100.0,5
714,Confuso,102.0,5
715,Confuso,104.0,5
716,Confuso,106.0,6
717,Confuso,108.0,6
718,Confuso,110.0,6
719,Confuso,112.0,5
720,Confuso,114.0,5
721,Confuso,116.0,5
722,Confuso,118.0,5
723,Confuso,120.0,6
724,Confuso,122.0,6
725,Confuso,124.0,6
726,Confuso,126.0,5
727,Confuso,128.0,5
728,Confuso,130.0,5
729,Confuso,132.0,5
730,Confuso,134.0,5
731,Confuso,136.0,5
732,Confuso,138.0,5
733,Confuso,140.0,5
734,Confuso,142.0,5
735,Confuso,144.0,4
736,Confuso,146.0,4
737,Confuso,148.0,5
738,Confuso,150.0,5
739,Confuso,152.0,5
740,Confuso,154.0,5
741,Confuso,158.0,5
742,Confuso,160.0,5
743,Confuso,162.0,5
744,Confuso,164.0,6
745,Confuso,166.0,6
746,Confuso,168.0,7
747,Confuso,170.0,7
748,Confuso,172.0,7
749,Confuso,174.0,5
750,Confuso,176.0,6
751,Confuso,178.0,5
752,Confuso,180.0,5
753,Confuso,182.0,5
754,Confuso,186.0,4
755,Confuso,188.0,5
756,Confuso,190.0,5
757,Confuso,192.0,6
758,Confuso,194.0,5
759,Confuso,196.0,5
760,Confuso,198.0,6
761,Confuso,200.0,6
762,Confuso,202.0,6
763,Confuso,204.0,6
764,Confuso,206.0,6
765,Confuso,208.0,6
766,Confuso,210.0,6
767,Confuso,212.0,6
768,Confuso,214.0,6
769,Confuso,216.0,6
770,Confuso,218.0,6
771,Confuso,220.0,6
772,Confuso,222.0,6
773,Confuso,224.0,6
774,Confuso,226.0,6
775,Confuso,228.0,6
776,Confuso,230.0,6
777,Confuso,232.0,6
778,Confuso,234.0,6
779,Confuso,236.0,6
780,Confuso,238.0,5
781,Confuso,240.0,5
782,Confuso,242.0,5
783,Confuso,244.0,5
784,Confuso,246.0,6
785,Confuso,248.0,5
786,Confuso,250.0,5
787,Confuso,252.0,5
788,Confuso,254.0,6
789,Confuso,256.0,6
790,Confuso,258.0,6
791,Confuso,260.0,6
792,Confuso,262.0,6
793,Confuso,264.0,6
794,Confuso,268.0,7
795,Confuso,270.0,6
796,Confuso,272.0,6
797,Confuso,274.0,7
798,Confuso,276.0,7
799,Confuso,280.0,6
800,Confuso,282.0,6
801,Confuso,284.0,5
802,Confuso,286.0,5
803,Confuso,288.0,5
804,Confuso,290.0,5
805,Confuso,292.0,5
806,Confuso,294.0,5
807,Confuso,296.0,5
808,Confuso,298.0,6
809,Confuso,300.0,5
810,Confuso,302.0,4
811,Confuso,304.0,4
812,Confuso,306.0,4
813,Confuso,308.0,5
814,Confuso,310.0,6
815,Confuso,312.0,6
816,Confuso,314.0,6
817,Confuso,316.0,4
818,Confuso,318.0,4
819,Confuso,320.0,4
820,Confuso,322.0,5
821,Confuso,324.0,5
822,Confuso,326.0,3
823,Confuso,328.0,4
824,Confuso,330.0,4
825,Confuso,332.0,3
826,Confuso,334.0,4
827,Confuso,336.0,4
828,Confuso,338.0,4
829,Confuso,340.0,4
830,Confuso,342.0,3
831,Confuso,344.0,4
832,Confuso,346.0,4
833,Confuso,348.0,4
834,Confuso,350.0,3
835,Confuso,352.0,2
836,Confuso,354.0,3
837,Confuso,356.0,6
838,Confuso,358.0,5
839,Confuso,360.0,5
840,Confuso,362.0,5
841,Confuso,364.0,4
842,Confuso,366.0,4
843,Confuso,368.0,5
844,Confuso,370.0,4
845,Confuso,372.0,5
846,Confuso,374.0,5
847,Confuso,376.0,5
848,Confuso,378.0,5
849,Confuso,380.0,4
850,Confuso,382.0,5
851,Confuso,384.0,5
852,Confuso,386.0,4
853,Confuso,388.0,6
854,Confuso,390.0,5
855,Confuso,392.0,6
856,Confuso,394.0,6
857,Confuso,396.0,5
858,Confuso,398.0,4
859,Confuso,400.0,4
860,Confuso,402.0,6
861,Confuso,404.0,6
862,Confuso,406.0,4
863,Confuso,408.0,6
864,Confuso,410.0,5
865,Confuso,412.0,5
866,Confuso,414.0,3
867,Confuso,416.0,3
868,Confuso,418.0,5
869,Confuso,420.0,4
870,Confuso,422.0,4
871,Confuso,424.0,4
872,Confuso,426.0,2
873,Confuso,428.0,3
874,Confuso,430.0,2
875,Confuso,432.0,3
876,Confuso,434.0,3
877,Confuso,436.0,3
878,Confuso,438.0,3
879,Confuso,440.0,2
880,Confuso,442.0,2
881,Confuso,444.0,5
882,Confuso,446.0,4
883,Confuso,448.0,3
884,Confuso,450.0,5
885,Confuso,452.0,6
886,Confuso,454.0,6
887,Confuso,456.0,5
888,Confuso,458.0,5
889,Confuso,460.0,5
890,Confuso,462.0,4
891,Confuso,464.0,4
892,Confuso,466.0,5
893,Confuso,468.0,4
894,Confuso,470.0,5
895,Confuso,472.0,5
896,Confuso,474.0,4
897,Confuso,476.0,5
898,Confuso,478.0,4
899,Confuso,480.0,5
900,Confuso,482.0,5
901,Confuso,484.0,5
902,Confuso,486.0,4
903,Confuso,488.0,5
904,Confuso,490.0,5
905,Confuso,492.0,5
906,Confuso,494.0,5
907,Confuso,496.0,4
908,Confuso,498.0,5
909,Confuso,500.0,5
910,Confuso,502.0,5
911,Confuso,504.0,5
912,Confuso,506.0,5
913,Confuso,508.0,5
914,Confuso,510.0,5
915,Confuso,512.0,5
916,Confuso,514.0,5
917,Confuso,516.0,5
918,Confuso,518.0,5
919,Confuso,520.0,5
920,Confuso,522.0,3
921,Confuso,524.0,3
922,Confuso,526.0,3
923,Confuso,528.0,3
924,Confuso,530.0,4
925,Confuso,532.0,3
926,Confuso,534.0,3
927,Confuso,536.0,3
928,Confuso,538.0,3
929,Confuso,540.0,3
930,Confuso,542.0,3
931,Confuso,544.0,3
932,Confuso,548.0,3
933,Confuso,550.0,4
934,Confuso,558.0,4
935,Confuso,560.0,4
936,Confuso,562.0,4
937,Confuso,564.0,5
938,Confuso,566.0,4
939,Confuso,568.0,4
940,Confuso,570.0,4
941,Confuso,572.0,5
942,Confuso,574.0,4
943,Confuso,576.0,4
944,Confuso,578.0,3
945,Confuso,580.0,3
946,Confuso,582.0,2
947,Confuso,584.0,3
948,Confuso,586.0,3
949,Confuso,588.0,3
950,Confuso,590.0,3
951,Confuso,592.0,3
952,Confuso,594.0,3
953,Confuso,596.0,4
954,Confuso,598.0,3
955,Confuso,600.0,3
956,Confuso,602.0,3
957,Confuso,604.0,3
958,Confuso,606.0,3
959,Confuso,608.0,2
960,Confuso,610.0,3
961,Confuso,612.0,3
962,Confuso,614.0,3
963,Confuso,616.0,4
964,Confuso,618.0,2
965,Confuso,620.0,2
966,Confuso,622.0,4
967,Confuso,624.0,4
968,Confuso,626.0,3
969,Confuso,628.0,3
970,Confuso,630.0,3
971,Confuso,632.0,4
972,Confuso,634.0,3
973,Confuso,636.0,2
974,Confuso,638.0,3
975,Confuso,640.0,5
976,Confuso,642.0,3
977,Confuso,644.0,5
978,Confuso,646.0,4
979,Confuso,648.0,4
980,Confuso,650.0,4
981,Confuso,652.0,4
982,Confuso,654.0,4
983,Confuso,656.0,4
984,Confuso,658.0,4
985,Confuso,660.0,2
986,Confuso,662.0,3
987,Confuso,664.0,3
988,Confuso,670.0,4
989,Confuso,674.0,5
990,Confuso,678.0,4
991,Confuso,680.0,3
992,Confuso,682.0,3
993,Confuso,684.0,4
994,Confuso,686.0,4
995,Confuso,688.0,5
996,Engajado,0.0,4
997,Engajado,2.0,4
998,Engajado,4.0,4
999,Engajado,6.0,4
1000,Engajado,8.0,4
1001,Engajado,10.0,4
1002,Engajado,12.0,6
1003,Engajado,14.0,6
1004,Engajado,16.0,6
1005,Engajado,18.0,6
1006,Engajado,20.0,6
1007,Engajado,22.0,5
1008,Engajado,24.0,5
1009,Engajado,28.0,7
1010,Engajado,30.0,8
1011,Engajado,32.0,4
1012,Engajado,34.0,6
1013,Engajado,36.0,7
1014,Engajado,38.0,7
1015,Engajado,40.0,6
1016,Engajado,42.0,6
1017,Engajado,44.0,6
1018,Engajado,46.0,6
1019,Engajado,48.0,6
1020,Engajado,50.0,6
1021,Engajado,52.0,6
1022,Engajado,54.0,6
1023,Engajado,56.0,6
1024,Engajado,58.0,5
1025,Engajado,60.0,5
1026,Engajado,62.0,7
1027,Engajado,64.0,5
1028,Engajado,66.0,6
1029,Engajado,68.0,5
1030,Engajado,70.0,5
1031,Engajado,72.0,7
1032,Engajado,74.0,6
1033,Engajado,76.0,6
1034,Engajado,78.0,6
1035,Engajado,80.0,6
1036,Engajado,82.0,6
1037,Engajado,84.0,6
1038,Engajado,86.0,5
1039,Engajado,88.0,5
1040,Engajado,90.0,5
1041,Engajado,92.0,5
1042,Engajado,94.0,5
1043,Engajado,96.0,5
1044,Engajado,98.0,5
1045,Engajado,100.0,6
1046,Engajado,102.0,5
1047,Engajado,104.0,6
1048,Engajado,106.0,6
1049,Engajado,108.0,6
1050,Engajado,110.0,6
1051,Engajado,112.0,5
1052,Engajado,114.0,5
1053,Engajado,116.0,5
1054,Engajado,118.0,5
1055,Engajado,120.0,6
1056,Engajado,122.0,6
1057,Engajado,124.0,6
1058,Engajado,126.0,5
1059,Engajado,128.0,5
1060,Engajado,130.0,5
1061,Engajado,132.0,5
1062,Engajado,134.0,5
1063,Engajado,136.0,5
1064,Engajado,138.0,6
1065,Engajado,140.0,6
1066,Engajado,142.0,5
1067,Engajado,144.0,4
1068,Engajado,146.0,4
1069,Engajado,148.0,5
1070,Engajado,150.0,5
1071,Engajado,152.0,5
1072,Engajado,154.0,5
1073,Engajado,158.0,5
1074,Engajado,160.0,5
1075,Engajado,162.0,5
1076,Engajado,164.0,7
1077,Engajado,166.0,7
1078,Engajado,168.0,7
1079,Engajado,170.0,7
1080,Engajado,172.0,7
1081,Engajado,174.0,5
1082,Engajado,176.0,6
1083,Engajado,178.0,5
1084,Engajado,180.0,5
1085,Engajado,182.0,5
1086,Engajado,186.0,4
1087,Engajado,188.0,5
1088,Engajado,190.0,5
1089,Engajado,192.0,6
1090,Engajado,194.0,5
1091,Engajado,196.0,5
1092,Engajado,198.0,6
1093,Engajado,200.0,6
1094,Engajado,202.0,6
1095,Engajado,204.0,6
1096,Engajado,206.0,6
1097,Engajado,208.0,6
1098,Engajado,210.0,6
1099,Engajado,212.0,6
1100,Engajado,214.0,6
1101,Engajado,216.0,6
1102,Engajado,218.0,6
1103,Engajado,220.0,6
1104,Engajado,222.0,6
1105,Engajado,224.0,6
1106,Engajado,226.0,6
1107,Engajado,228.0,6
1108,Engajado,230.0,6
1109,Engajado,232.0,6
1110,Engajado,234.0,6
1111,Engajado,236.0,6
1112,Engajado,238.0,5
1113,Engajado,240.0,5
1114,Engajado,242.0,5
1115,Engajado,244.0,6
1116,Engajado,246.0,6
1117,Engajado,248.0,5
1118,Engajado,250.0,5
1119,Engajado,252.0,6
1120,Engajado,254.0,6
1121,Engajado,256.0,6
1122,Engajado,258.0,7
1123,Engajado,260.0,6
1124,Engajado,262.0,6
1125,Engajado,264.0,6
1126,Engajado,268.0,7
1127,Engajado,270.0,6
1128,Engajado,272.0,6
1129,Engajado,274.0,7
1130,Engajado,276.0,7
1131,Engajado,280.0,7
1132,Engajado,282.0,6
1133,Engajado,284.0,5
1134,Engajado,286.0,5
1135,Engajado,288.0,5
1136,Engajado,290.0,5
1137,Engajado,292.0,5
1138,Engajado,294.0,5
1139,Engajado,296.0,5
1140,Engajado,298.0,6
1141,Engajado,300.0,6
1142,Engajado,302.0,5
1143,Engajado,304.0,6
1144,Engajado,306.0,5
1145,Engajado,308.0,6
1146,Engajado,310.0,6
1147,Engajado,312.0,6
1148,Engajado,314.0,6
1149,Engajado,316.0,5
1150,Engajado,318.0,5
1151,Engajado,320.0,5
1152,Engajado,322.0,7
1153,Engajado,324.0,6
1154,Engajado,326.0,5
1155,Engajado,328.0,5
1156,Engajado,330.0,5
1157,Engajado,332.0,4
1158,Engajado,334.0,5
1159,Engajado,336.0,5
1160,Engajado,338.0,5
1161,Engajado,340.0,5
1162,Engajado,342.0,5
1163,Engajado,344.0,5
1164,Engajado,346.0,5
1165,Engajado,348.0,5
1166,Engajado,350.0,4
1167,Engajado,352.0,3
1168,Engajado,354.0,6
1169,Engajado,356.0,6
1170,Engajado,358.0,5
1171,Engajado,360.0,5
1172,Engajado,362.0,5
1173,Engajado,364.0,4
1174,Engajado,366.0,5
1175,Engajado,368.0,5
1176,Engajado,370.0,5
1177,Engajado,372.0,5
1178,Engajado,374.0,5
1179,Engajado,376.0,5
1180,Engajado,378.0,5
1181,Engajado,380.0,5
1182,Engajado,382.0,5
1183,Engajado,384.0,5
1184,Engajado,386.0,5
1185,Engajado,388.0,6
1186,Engajado,390.0,6
1187,Engajado,392.0,6
1188,Engajado,394.0,7
1189,Engajado,396.0,5
1190,Engajado,398.0,5
1191,Engajado,400.0,5
1192,Engajado,402.0,6
1193,Engajado,404.0,6
1194,Engajado,406.0,6
1195,Engajado,408.0,7
1196,Engajado,410.0,6
1197,Engajado,412.0,6
1198,Engajado,414.0,5
1199,Engajado,416.0,4
1200,Engajado,418.0,6
1201,Engajado,420.0,6
1202,Engajado,422.0,6
1203,Engajado,424.0,8
1204,Engajado,426.0,4
1205,Engajado,428.0,4
1206,Engajado,430.0,4
1207,Engajado,432.0,5
1208,Engajado,434.0,4
1209,Engajado,436.0,6
1210,Engajado,438.0,4
1211,Engajado,440.0,3
1212,Engajado,442.0,3
1213,Engajado,444.0,5
1214,Engajado,446.0,5
1215,Engajado,448.0,3
1216,Engajado,450.0,6
1217,Engajado,452.0,6
1218,Engajado,454.0,7
1219,Engajado,456.0,8
1220,Engajado,458.0,7
1221,Engajado,460.0,6
1222,Engajado,462.0,6
1223,Engajado,464.0,6
1224,Engajado,466.0,6
1225,Engajado,468.0,6
1226,Engajado,470.0,6
1227,Engajado,472.0,6
1228,Engajado,474.0,6
1229,Engajado,476.0,6
1230,Engajado,478.0,6
1231,Engajado,480.0,7
1232,Engajado,482.0,6
1233,Engajado,484.0,6
1234,Engajado,486.0,6
1235,Engajado,488.0,6
1236,Engajado,490.0,6
1237,Engajado,492.0,6
1238,Engajado,494.0,6
1239,Engajado,496.0,6
1240,Engajado,498.0,6
1241,Engajado,500.0,6
1242,Engajado,502.0,6
1243,Engajado,504.0,6
1244,Engajado,506.0,6
1245,Engajado,508.0,6
1246,Engajado,510.0,6
1247,Engajado,512.0,6
1248,Engajado,514.0,6
1249,Engajado,516.0,6
1250,Engajado,518.0,6
1251,Engajado,520.0,6
1252,Engajado,522.0,4
1253,Engajado,524.0,4
1254,Engajado,526.0,4
1255,Engajado,528.0,4
1256,Engajado,530.0,5
1257,Engajado,532.0,4
1258,Engajado,534.0,4
1259,Engajado,536.0,4
1260,Engajado,538.0,4
1261,Engajado,540.0,4
1262,Engajado,542.0,5
1263,Engajado,544.0,5
1264,Engajado,548.0,4
1265,Engajado,550.0,5
1266,Engajado,558.0,5
1267,Engajado,560.0,5
1268,Engajado,562.0,6
1269,Engajado,564.0,7
1270,Engajado,566.0,5
1271,Engajado,568.0,5
1272,Engajado,570.0,5
1273,Engajado,572.0,6
1274,Engajado,574.0,5
1275,Engajado,576.0,5
1276,Engajado,578.0,4
1277,Engajado,580.0,4
1278,Engajado,582.0,4
1279,Engajado,584.0,4
1280,Engajado,586.0,4
1281,Engajado,588.0,4
1282,Engajado,590.0,4
1283,Engajado,592.0,5
1284,Engajado,594.0,4
1285,Engajado,596.0,5
1286,Engajado,598.0,4
1287,Engajado,600.0,4
1288,Engajado,602.0,4
1289,Engajado,604.0,4
1290,Engajado,606.0,4
1291,Engajado,608.0,3
1292,Engajado,610.0,4
1293,Engajado,612.0,4
1294,Engajado,614.0,4
1295,Engajado,616.0,5
1296,Engajado,618.0,5
1297,Engajado,620.0,5
1298,Engajado,622.0,5
1299,Engajado,624.0,5
1300,Engajado,626.0,4
1301,Engajado,628.0,4
1302,Engajado,630.0,4
1303,Engajado,632.0,5
1304,Engajado,634.0,4
1305,Engajado,636.0,4
1306,Engajado,638.0,4
1307,Engajado,640.0,6
1308,Engajado,642.0,6
1309,Engajado,644.0,6
1310,Engajado,646.0,5
1311,Engajado,648.0,5
1312,Engajado,650.0,6
1313,Engajado,652.0,5
1314,Engajado,654.0,6
1315,Engajado,656.0,6
1316,Engajado,658.0,5
1317,Engajado,660.0,5
1318,Engajado,662.0,5
1319,Engajado,664.0,5
1320,Engajado,670.0,7
1321,Engajado,674.0,6
1322,Engajado,678.0,6
1323,Engajado,680.0,5
1324,Engajado,682.0,4
1325,Engajado,684.0,5
1326,Engajado,686.0,5
1327,Engajado,688.0,7
1328,Animado,0.0,2
1329,Animado,2.0,3
1330,Animado,4.0,3
1331,Animado,6.0,2
1332,Animado,8.0,3
1333,Animado,10.0,4
1334,Animado,12.0,2
1335,Animado,14.0,2
1336,Animado,16.0,2
1337,Animado,18.0,2
1338,Animado,20.0,2
1339,Animado,22.0,3
1340,Animado,24.0,2
1341,Animado,28.0,1
1342,Animado,32.0,4
1343,Animado,34.0,2
1344,Animado,36.0,1
1345,Animado,38.0,1
1346,Animado,40.0,1
1347,Animado,42.0,1
1348,Animado,44.0,2
1349,Animado,46.0,2
1350,Animado,48.0,2
1351,Animado,50.0,2
1352,Animado,52.0,2
1353,Animado,54.0,2
1354,Animado,56.0,2
1355,Animado,58.0,3
1356,Animado,60.0,3
1357,Animado,62.0,1
1358,Animado,64.0,3
1359,Animado,66.0,2
1360,Animado,68.0,3
1361,Animado,70.0,3
1362,Animado,72.0,1
1363,Animado,74.0,2
1364,Animado,76.0,2
1365,Animado,78.0,2
1366,Animado,80.0,2
1367,Animado,82.0,2
1368,Animado,84.0,3
1369,Animado,86.0,3
1370,Animado,88.0,3
1371,Animado,90.0,3
1372,Animado,92.0,3
1373,Animado,94.0,3
1374,Animado,96.0,3
1375,Animado,98.0,3
1376,Animado,100.0,2
1377,Animado,102.0,3
1378,Animado,104.0,2
1379,Animado,106.0,2
1380,Animado,108.0,2
1381,Animado,110.0,2
1382,Animado,112.0,3
1383,Animado,114.0,3
1384,Animado,116.0,3
1385,Animado,118.0,3
1386,Animado,120.0,2
1387,Animado,122.0,3
1388,Animado,124.0,2
1389,Animado,126.0,2
1390,Animado,128.0,2
1391,Animado,130.0,3
1392,Animado,132.0,3
1393,Animado,134.0,3
1394,Animado,136.0,3
1395,Animado,138.0,2
1396,Animado,140.0,1
1397,Animado,142.0,2
1398,Animado,144.0,3
1399,Animado,146.0,3
1400,Animado,148.0,3
1401,Animado,150.0,3
1402,Animado,152.0,3
1403,Animado,154.0,3
1404,Animado,158.0,2
1405,Animado,160.0,4
1406,Animado,162.0,3
1407,Animado,164.0,1
1408,Animado,166.0,1
1409,Animado,168.0,1
1410,Animado,170.0,1
1411,Animado,172.0,1
1412,Animado,174.0,3
1413,Animado,176.0,3
1414,Animado,178.0,3
1415,Animado,180.0,3
1416,Animado,182.0,3
1417,Animado,186.0,5
1418,Animado,188.0,4
1419,Animado,190.0,3
1420,Animado,192.0,2
1421,Animado,194.0,4
1422,Animado,196.0,3
1423,Animado,198.0,2
1424,Animado,200.0,2
1425,Animado,202.0,2
1426,Animado,204.0,2
1427,Animado,206.0,2
1428,Animado,208.0,2
1429,Animado,210.0,2
1430,Animado,212.0,2
1431,Animado,214.0,2
1432,Animado,216.0,2
1433,Animado,218.0,2
1434,Animado,220.0,2
1435,Animado,222.0,2
1436,Animado,224.0,2
1437,Animado,226.0,2
1438,Animado,228.0,2
1439,Animado,230.0,2
1440,Animado,232.0,2
1441,Animado,234.0,2
1442,Animado,236.0,2
1443,Animado,238.0,3
1444,Animado,240.0,3
1445,Animado,242.0,3
1446,Animado,244.0,2
1447,Animado,246.0,2
1448,Animado,248.0,3
1449,Animado,250.0,3
1450,Animado,252.0,2
1451,Animado,254.0,2
1452,Animado,256.0,2
1453,Animado,258.0,1
1454,Animado,260.0,2
1455,Animado,262.0,2
1456,Animado,264.0,2
1457,Animado,268.0,2
1458,Animado,270.0,2
1459,Animado,272.0,2
1460,Animado,274.0,1
1461,Animado,276.0,1
1462,Animado,280.0,1
1463,Animado,282.0,2
1464,Animado,284.0,4
1465,Animado,286.0,4
1466,Animado,288.0,3
1467,Animado,290.0,4
1468,Animado,292.0,3
1469,Animado,294.0,3
1470,Animado,296.0,3
1471,Animado,298.0,2
1472,Animado,300.0,2
1473,Animado,302.0,3
1474,Animado,304.0,3
1475,Animado,306.0,4
1476,Animado,308.0,3
1477,Animado,310.0,3
1478,Animado,312.0,2
1479,Animado,314.0,3
1480,Animado,316.0,4
1481,Animado,318.0,2
1482,Animado,320.0,4
1483,Animado,322.0,1
1484,Animado,324.0,2
1485,Animado,326.0,3
1486,Animado,328.0,3
1487,Animado,330.0,3
1488,Animado,332.0,4
1489,Animado,334.0,4
1490,Animado,336.0,3
1491,Animado,338.0,3
1492,Animado,340.0,3
1493,Animado,342.0,3
1494,Animado,344.0,3
1495,Animado,346.0,3
1496,Animado,348.0,3
1497,Animado,350.0,4
1498,Animado,352.0,5
1499,Animado,354.0,1
1500,Animado,356.0,2
1501,Animado,358.0,2
1502,Animado,360.0,2
1503,Animado,362.0,2
1504,Animado,364.0,4
1505,Animado,366.0,3
1506,Animado,368.0,3
1507,Animado,370.0,3
1508,Animado,372.0,3
1509,Animado,374.0,3
1510,Animado,376.0,1
1511,Animado,378.0,2
1512,Animado,380.0,4
1513,Animado,382.0,2
1514,Animado,384.0,2
1515,Animado,386.0,3
1516,Animado,388.0,2
1517,Animado,390.0,2
1518,Animado,392.0,2
1519,Animado,394.0,1
1520,Animado,396.0,3
1521,Animado,398.0,2
1522,Animado,400.0,2
1523,Animado,402.0,2
1524,Animado,404.0,2
1525,Animado,406.0,2
1526,Animado,408.0,1
1527,Animado,410.0,2
1528,Animado,412.0,2
1529,Animado,414.0,3
1530,Animado,416.0,4
1531,Animado,418.0,2
1532,Animado,420.0,2
1533,Animado,422.0,2
1534,Animado,426.0,4
1535,Animado,428.0,4
1536,Animado,430.0,4
1537,Animado,432.0,3
1538,Animado,434.0,4
1539,Animado,436.0,2
1540,Animado,438.0,4
1541,Animado,440.0,4
1542,Animado,442.0,4
1543,Animado,444.0,3
1544,Animado,446.0,3
1545,Animado,448.0,5
1546,Animado,450.0,2
1547,Animado,452.0,2
1548,Animado,454.0,1
1549,Animado,458.0,1
1550,Animado,460.0,3
1551,Animado,462.0,2
1552,Animado,464.0,2
1553,Animado,466.0,2
1554,Animado,468.0,2
1555,Animado,470.0,2
1556,Animado,472.0,3
1557,Animado,474.0,2
1558,Animado,476.0,2
1559,Animado,478.0,3
1560,Animado,480.0,1
1561,Animado,482.0,2
1562,Animado,484.0,2
1563,Animado,486.0,2
1564,Animado,488.0,3
1565,Animado,490.0,3
1566,Animado,492.0,2
1567,Animado,494.0,2
1568,Animado,496.0,3
1569,Animado,498.0,2
1570,Animado,500.0,2
1571,Animado,502.0,2
1572,Animado,504.0,2
1573,Animado,506.0,2
1574,Animado,508.0,3
1575,Animado,510.0,3
1576,Animado,512.0,3
1577,Animado,514.0,1
1578,Animado,516.0,3
1579,Animado,518.0,2
1580,Animado,520.0,2
1581,Animado,522.0,5
1582,Animado,524.0,4
1583,Animado,526.0,4
1584,Animado,528.0,4
1585,Animado,530.0,3
1586,Animado,532.0,5
1587,Animado,534.0,5
1588,Animado,536.0,5
1589,Animado,538.0,5
1590,Animado,540.0,5
1591,Animado,542.0,4
1592,Animado,544.0,3
1593,Animado,548.0,4
1594,Animado,550.0,3
1595,Animado,558.0,3
1596,Animado,560.0,4
1597,Animado,562.0,3
1598,Animado,564.0,2
1599,Animado,566.0,4
1600,Animado,568.0,4
1601,Animado,570.0,4
1602,Animado,572.0,2
1603,Animado,574.0,3
1604,Animado,576.0,4
1605,Animado,578.0,5
1606,Animado,580.0,4
1607,Animado,582.0,5
1608,Animado,584.0,3
1609,Animado,586.0,4
1610,Animado,588.0,4
1611,Animado,590.0,3
1612,Animado,592.0,2
1613,Animado,594.0,2
1614,Animado,596.0,3
1615,Animado,598.0,4
1616,Animado,600.0,5
1617,Animado,602.0,4
1618,Animado,604.0,4
1619,Animado,606.0,3
1620,Animado,608.0,4
1621,Animado,610.0,3
1622,Animado,612.0,4
1623,Animado,614.0,2
1624,Animado,616.0,2
1625,Animado,618.0,2
1626,Animado,620.0,2
1627,Animado,622.0,3
1628,Animado,624.0,3
1629,Animado,626.0,3
1630,Animado,628.0,3
1631,Animado,630.0,3
1632,Animado,632.0,3
1633,Animado,634.0,1
1634,Animado,636.0,3
1635,Animado,638.0,3
1636,Animado,640.0,1
1637,Animado,642.0,1
1638,Animado,644.0,1
1639,Animado,646.0,2
1640,Animado,648.0,2
1641,Animado,650.0,1
1642,Animado,652.0,2
1643,Animado,654.0,1
1644,Animado,656.0,2
1645,Animado,658.0,2
1646,Animado,660.0,2
1647,Animado,662.0,2
1648,Animado,664.0,2
1649,Animado,670.0,1
1650,Animado,674.0,2
1651,Animado,678.0,1
1652,Animado,680.0,2
1653,Animado,682.0,2
1654,Animado,684.0,1
1655,Animado,686.0,2
1656,Animado,688.0,1
1657,Fadiga,0.0,5
1658,Fadiga,2.0,5
1659,Fadiga,4.0,4
1660,Fadiga,6.0,5
1661,Fadiga,8.0,4
1662,Fadiga,10.0,4
1663,Fadiga,12.0,4
1664,Fadiga,14.0,3
1665,Fadiga,16.0,3
1666,Fadiga,18.0,4
1667,Fadiga,20.0,3
1668,Fadiga,22.0,4
1669,Fadiga,24.0,4
1670,Fadiga,28.0,4
1671,Fadiga,30.0,4
1672,Fadiga,32.0,5
1673,Fadiga,34.0,4
1674,Fadiga,36.0,4
1675,Fadiga,38.0,3
1676,Fadiga,40.0,3
1677,Fadiga,42.0,4
1678,Fadiga,44.0,2
1679,Fadiga,46.0,2
1680,Fadiga,48.0,3
1681,Fadiga,50.0,4
1682,Fadiga,52.0,2
1683,Fadiga,54.0,4
1684,Fadiga,56.0,3
1685,Fadiga,58.0,4
1686,Fadiga,60.0,4
1687,Fadiga,62.0,4
1688,Fadiga,64.0,4
1689,Fadiga,66.0,3
1690,Fadiga,68.0,4
1691,Fadiga,70.0,3
1692,Fadiga,72.0,3
1693,Fadiga,74.0,4
1694,Fadiga,76.0,3
1695,Fadiga,78.0,2
1696,Fadiga,80.0,4
1697,Fadiga,82.0,4
1698,Fadiga,84.0,4
1699,Fadiga,86.0,4
1700,Fadiga,88.0,4
1701,Fadiga,90.0,4
1702,Fadiga,92.0,4
1703,Fadiga,94.0,4
1704,Fadiga,96.0,4
1705,Fadiga,98.0,4
1706,Fadiga,100.0,4
1707,Fadiga,102.0,4
1708,Fadiga,104.0,4
1709,Fadiga,106.0,3
1710,Fadiga,108.0,4
1711,Fadiga,110.0,3
1712,Fadiga,112.0,4
1713,Fadiga,114.0,4
1714,Fadiga,116.0,4
1715,Fadiga,118.0,4
1716,Fadiga,120.0,3
1717,Fadiga,122.0,3
1718,Fadiga,124.0,3
1719,Fadiga,126.0,4
1720,Fadiga,128.0,4
1721,Fadiga,130.0,4
1722,Fadiga,132.0,4
1723,Fadiga,134.0,4
1724,Fadiga,136.0,4
1725,Fadiga,138.0,4
1726,Fadiga,140.0,4
1727,Fadiga,142.0,3
1728,Fadiga,144.0,5
1729,Fadiga,146.0,5
1730,Fadiga,148.0,3
1731,Fadiga,150.0,3
1732,Fadiga,152.0,4
1733,Fadiga,154.0,3
1734,Fadiga,158.0,4
1735,Fadiga,160.0,3
1736,Fadiga,162.0,4
1737,Fadiga,164.0,3
1738,Fadiga,166.0,3
1739,Fadiga,168.0,2
1740,Fadiga,170.0,2
1741,Fadiga,172.0,2
1742,Fadiga,174.0,3
1743,Fadiga,176.0,2
1744,Fadiga,178.0,4
1745,Fadiga,180.0,4
1746,Fadiga,182.0,5
1747,Fadiga,186.0,4
1748,Fadiga,188.0,3
1749,Fadiga,190.0,3
1750,Fadiga,192.0,4
1751,Fadiga,194.0,4
1752,Fadiga,196.0,3
1753,Fadiga,198.0,3
1754,Fadiga,200.0,3
1755,Fadiga,202.0,3
1756,Fadiga,204.0,3
1757,Fadiga,206.0,3
1758,Fadiga,208.0,3
1759,Fadiga,210.0,3
1760,Fadiga,212.0,3
1761,Fadiga,214.0,3
1762,Fadiga,216.0,3
1763,Fadiga,218.0,3
1764,Fadiga,220.0,3
1765,Fadiga,222.0,3
1766,Fadiga,224.0,4
1767,Fadiga,226.0,3
1768,Fadiga,228.0,3
1769,Fadiga,230.0,3
1770,Fadiga,232.0,3
1771,Fadiga,234.0,3
1772,Fadiga,236.0,3
1773,Fadiga,238.0,4
1774,Fadiga,240.0,4
1775,Fadiga,242.0,4
1776,Fadiga,244.0,4
1777,Fadiga,246.0,4
1778,Fadiga,248.0,4
1779,Fadiga,250.0,4
1780,Fadiga,252.0,4
1781,Fadiga,254.0,3
1782,Fadiga,256.0,2
1783,Fadiga,258.0,3
1784,Fadiga,260.0,3
1785,Fadiga,262.0,3
1786,Fadiga,264.0,3
1787,Fadiga,268.0,2
1788,Fadiga,270.0,3
1789,Fadiga,272.0,4
1790,Fadiga,274.0,2
1791,Fadiga,276.0,2
1792,Fadiga,280.0,2
1793,Fadiga,282.0,3
1794,Fadiga,284.0,2
1795,Fadiga,286.0,2
1796,Fadiga,288.0,3
1797,Fadiga,290.0,2
1798,Fadiga,292.0,3
1799,Fadiga,294.0,3
1800,Fadiga,296.0,3
1801,Fadiga,298.0,3
1802,Fadiga,300.0,4
1803,Fadiga,302.0,4
1804,Fadiga,304.0,3
1805,Fadiga,306.0,4
1806,Fadiga,308.0,4
1807,Fadiga,310.0,4
1808,Fadiga,312.0,4
1809,Fadiga,314.0,2
1810,Fadiga,316.0,2
1811,Fadiga,318.0,4
1812,Fadiga,320.0,2
1813,Fadiga,322.0,3
1814,Fadiga,324.0,3
1815,Fadiga,326.0,5
1816,Fadiga,328.0,5
1817,Fadiga,330.0,5
1818,Fadiga,332.0,5
1819,Fadiga,334.0,4
1820,Fadiga,336.0,3
1821,Fadiga,338.0,4
1822,Fadiga,340.0,4
1823,Fadiga,342.0,5
1824,Fadiga,344.0,3
1825,Fadiga,346.0,3
1826,Fadiga,348.0,4
1827,Fadiga,350.0,5
1828,Fadiga,352.0,6
1829,Fadiga,354.0,6
1830,Fadiga,356.0,4
1831,Fadiga,358.0,4
1832,Fadiga,360.0,4
1833,Fadiga,362.0,4
1834,Fadiga,364.0,6
1835,Fadiga,366.0,5
1836,Fadiga,368.0,4
1837,Fadiga,370.0,5
1838,Fadiga,372.0,4
1839,Fadiga,374.0,4
1840,Fadiga,376.0,4
1841,Fadiga,378.0,5
1842,Fadiga,380.0,4
1843,Fadiga,382.0,4
1844,Fadiga,384.0,4
1845,Fadiga,386.0,6
1846,Fadiga,388.0,4
1847,Fadiga,390.0,5
1848,Fadiga,392.0,3
1849,Fadiga,394.0,3
1850,Fadiga,396.0,5
1851,Fadiga,398.0,5
1852,Fadiga,400.0,5
1853,Fadiga,402.0,3
1854,Fadiga,404.0,4
1855,Fadiga,406.0,4
1856,Fadiga,408.0,4
1857,Fadiga,410.0,4
1858,Fadiga,412.0,4
1859,Fadiga,414.0,4
1860,Fadiga,416.0,5
1861,Fadiga,418.0,4
1862,Fadiga,420.0,5
1863,Fadiga,422.0,5
1864,Fadiga,424.0,6
1865,Fadiga,426.0,6
1866,Fadiga,428.0,5
1867,Fadiga,430.0,6
1868,Fadiga,432.0,5
1869,Fadiga,434.0,6
1870,Fadiga,436.0,5
1871,Fadiga,438.0,5
1872,Fadiga,440.0,6
1873,Fadiga,442.0,6
1874,Fadiga,444.0,5
1875,Fadiga,446.0,5
1876,Fadiga,448.0,6
1877,Fadiga,450.0,5
1878,Fadiga,452.0,4
1879,Fadiga,454.0,3
1880,Fadiga,456.0,3
1881,Fadiga,458.0,3
1882,Fadiga,460.0,3
1883,Fadiga,462.0,5
1884,Fadiga,464.0,5
1885,Fadiga,466.0,5
1886,Fadiga,468.0,5
1887,Fadiga,470.0,3
1888,Fadiga,472.0,3
1889,Fadiga,474.0,4
1890,Fadiga,476.0,3
1891,Fadiga,478.0,3
1892,Fadiga,480.0,3
1893,Fadiga,482.0,3
1894,Fadiga,484.0,3
1895,Fadiga,486.0,3
1896,Fadiga,488.0,2
1897,Fadiga,490.0,3
1898,Fadiga,492.0,3
1899,Fadiga,494.0,3
1900,Fadiga,496.0,4
1901,Fadiga,498.0,3
1902,Fadiga,500.0,3
1903,Fadiga,502.0,3
1904,Fadiga,504.0,3
1905,Fadiga,506.0,3
1906,Fadiga,508.0,3
1907,Fadiga,510.0,3
1908,Fadiga,512.0,2
1909,Fadiga,514.0,3
1910,Fadiga,516.0,2
1911,Fadiga,518.0,3
1912,Fadiga,520.0,3
1913,Fadiga,522.0,5
1914,Fadiga,524.0,5
1915,Fadiga,526.0,5
1916,Fadiga,528.0,5
1917,Fadiga,530.0,5
1918,Fadiga,532.0,5
1919,Fadiga,534.0,4
1920,Fadiga,536.0,4
1921,Fadiga,538.0,5
1922,Fadiga,540.0,5
1923,Fadiga,542.0,4
1924,Fadiga,544.0,5
1925,Fadiga,548.0,5
1926,Fadiga,550.0,4
1927,Fadiga,558.0,4
1928,Fadiga,560.0,4
1929,Fadiga,562.0,3
1930,Fadiga,564.0,2
1931,Fadiga,566.0,4
1932,Fadiga,568.0,4
1933,Fadiga,570.0,4
1934,Fadiga,572.0,4
1935,Fadiga,574.0,4
1936,Fadiga,576.0,3
1937,Fadiga,578.0,4
1938,Fadiga,580.0,3
1939,Fadiga,582.0,4
1940,Fadiga,584.0,4
1941,Fadiga,586.0,5
1942,Fadiga,588.0,5
1943,Fadiga,590.0,5
1944,Fadiga,592.0,5
1945,Fadiga,594.0,5
1946,Fadiga,596.0,4
1947,Fadiga,598.0,5
1948,Fadiga,600.0,4
1949,Fadiga,602.0,5
1950,Fadiga,604.0,5
1951,Fadiga,606.0,5
1952,Fadiga,608.0,6
1953,Fadiga,610.0,5
1954,Fadiga,612.0,5
1955,Fadiga,614.0,5
1956,Fadiga,616.0,4
1957,Fadiga,618.0,5
1958,Fadiga,620.0,5
1959,Fadiga,622.0,4
1960,Fadiga,624.0,2
1961,Fadiga,626.0,4
1962,Fadiga,628.0,5
1963,Fadiga,630.0,4
1964,Fadiga,632.0,4
1965,Fadiga,634.0,5
1966,Fadiga,636.0,4
1967,Fadiga,638.0,4
1968,Fadiga,640.0,4
1969,Fadiga,642.0,4
1970,Fadiga,644.0,4
1971,Fadiga,646.0,4
1972,Fadiga,648.0,4
1973,Fadiga,650.0,4
1974,Fadiga,652.0,4
1975,Fadiga,654.0,4
1976,Fadiga,656.0,4
1977,Fadiga,658.0,5
1978,Fadiga,660.0,5
1979,Fadiga,662.0,5
1980,Fadiga,664.0,5
1981,Fadiga,670.0,3
1982,Fadiga,674.0,4
1983,Fadiga,678.0,4
1984,Fadiga,680.0,6
1985,Fadiga,682.0,5
1986,Fadiga,684.0,5
1987,Fadiga,686.0,4
1988,Fadiga,688.0,4
1989,Surpreso,0.0,7
1990,Surpreso,2.0,7
1991,Surpreso,4.0,7
1992,Surpreso,6.0,7
1993,Surpreso,8.0,7
1994,Surpreso,10.0,6
1995,Surpreso,12.0,6
1996,Surpreso,14.0,7
1997,Surpreso,16.0,7
1998,Surpreso,18.0,7
1999,Surpreso,20.0,7
2000,Surpreso,22.0,6
2001,Surpreso,24.0,7
2002,Surpreso,28.0,8
2003,Surpreso,30.0,9
2004,Surpreso,32.0,6
2005,Surpreso,34.0,6
2006,Surpreso,36.0,6
2007,Surpreso,38.0,7
2008,Surpreso,40.0,8
2009,Surpreso,42.0,7
2010,Surpreso,44.0,8
2011,Surpreso,46.0,8
2012,Surpreso,48.0,8
2013,Surpreso,50.0,7
2014,Surpreso,52.0,8
2015,Surpreso,54.0,7
2016,Surpreso,56.0,7
2017,Surpreso,58.0,6
2018,Surpreso,60.0,6
2019,Surpreso,62.0,7
2020,Surpreso,64.0,6
2021,Surpreso,66.0,7
2022,Surpreso,68.0,6
2023,Surpreso,70.0,7
2024,Surpreso,72.0,7
2025,Surpreso,74.0,7
2026,Surpreso,76.0,7
2027,Surpreso,78.0,7
2028,Surpreso,80.0,6
2029,Surpreso,82.0,7
2030,Surpreso,84.0,6
2031,Surpreso,86.0,6
2032,Surpreso,88.0,6
2033,Surpreso,90.0,6
2034,Surpreso,92.0,6
2035,Surpreso,94.0,6
2036,Surpreso,96.0,6
2037,Surpreso,98.0,6
2038,Surpreso,100.0,6
2039,Surpreso,102.0,6
2040,Surpreso,104.0,6
2041,Surpreso,106.0,7
2042,Surpreso,108.0,7
2043,Surpreso,110.0,7
2044,Surpreso,112.0,5
2045,Surpreso,114.0,6
2046,Surpreso,116.0,6
2047,Surpreso,118.0,6
2048,Surpreso,120.0,7
2049,Surpreso,122.0,6
2050,Surpreso,124.0,7
2051,Surpreso,126.0,7
2052,Surpreso,128.0,7
2053,Surpreso,130.0,6
2054,Surpreso,132.0,7
2055,Surpreso,134.0,6
2056,Surpreso,136.0,6
2057,Surpreso,138.0,6
2058,Surpreso,140.0,7
2059,Surpreso,142.0,8
2060,Surpreso,144.0,6
2061,Surpreso,146.0,6
2062,Surpreso,148.0,7
2063,Surpreso,150.0,7
2064,Surpreso,152.0,6
2065,Surpreso,154.0,7
2066,Surpreso,158.0,8
2067,Surpreso,160.0,8
2068,Surpreso,162.0,7
2069,Surpreso,164.0,7
2070,Surpreso,166.0,7
2071,Surpreso,168.0,8
2072,Surpreso,170.0,8
2073,Surpreso,172.0,8
2074,Surpreso,174.0,6
2075,Surpreso,176.0,7
2076,Surpreso,178.0,6
2077,Surpreso,180.0,7
2078,Surpreso,182.0,5
2079,Surpreso,186.0,6
2080,Surpreso,188.0,7
2081,Surpreso,190.0,8
2082,Surpreso,192.0,6
2083,Surpreso,194.0,5
2084,Surpreso,196.0,7
2085,Surpreso,198.0,7
2086,Surpreso,200.0,7
2087,Surpreso,202.0,7
2088,Surpreso,204.0,7
2089,Surpreso,206.0,7
2090,Surpreso,208.0,7
2091,Surpreso,210.0,7
2092,Surpreso,212.0,6
2093,Surpreso,214.0,7
2094,Surpreso,216.0,7
2095,Surpreso,218.0,7
2096,Surpreso,220.0,7
2097,Surpreso,222.0,6
2098,Surpreso,224.0,6
2099,Surpreso,226.0,7
2100,Surpreso,228.0,6
2101,Surpreso,230.0,7
2102,Surpreso,232.0,7
2103,Surpreso,234.0,7
2104,Surpreso,236.0,7
2105,Surpreso,238.0,6
2106,Surpreso,240.0,6
2107,Surpreso,242.0,7
2108,Surpreso,244.0,7
2109,Surpreso,246.0,6
2110,Surpreso,248.0,6
2111,Surpreso,250.0,6
2112,Surpreso,252.0,6
2113,Surpreso,254.0,7
2114,Surpreso,256.0,8
2115,Surpreso,258.0,7
2116,Surpreso,260.0,7
2117,Surpreso,262.0,7
2118,Surpreso,264.0,7
2119,Surpreso,268.0,8
2120,Surpreso,270.0,7
2121,Surpreso,272.0,8
2122,Surpreso,274.0,8
2123,Surpreso,276.0,7
2124,Surpreso,280.0,8
2125,Surpreso,282.0,8
2126,Surpreso,284.0,8
2127,Surpreso,286.0,8
2128,Surpreso,288.0,7
2129,Surpreso,290.0,8
2130,Surpreso,292.0,7
2131,Surpreso,294.0,7
2132,Surpreso,296.0,7
2133,Surpreso,298.0,6
2134,Surpreso,300.0,6
2135,Surpreso,302.0,5
2136,Surpreso,304.0,6
2137,Surpreso,306.0,5
2138,Surpreso,308.0,4
2139,Surpreso,310.0,6
2140,Surpreso,312.0,7
2141,Surpreso,314.0,8
2142,Surpreso,316.0,6
2143,Surpreso,318.0,6
2144,Surpreso,320.0,6
2145,Surpreso,322.0,7
2146,Surpreso,324.0,6
2147,Surpreso,326.0,4
2148,Surpreso,328.0,5
2149,Surpreso,330.0,5
2150,Surpreso,332.0,5
2151,Surpreso,334.0,6
2152,Surpreso,336.0,6
2153,Surpreso,338.0,5
2154,Surpreso,340.0,6
2155,Surpreso,342.0,4
2156,Surpreso,344.0,6
2157,Surpreso,346.0,6
2158,Surpreso,348.0,5
2159,Surpreso,350.0,4
2160,Surpreso,352.0,4
2161,Surpreso,354.0,4
2162,Surpreso,356.0,7
2163,Surpreso,358.0,7
2164,Surpreso,360.0,7
2165,Surpreso,362.0,8
2166,Surpreso,364.0,5
2167,Surpreso,366.0,6
2168,Surpreso,368.0,6
2169,Surpreso,370.0,5
2170,Surpreso,372.0,7
2171,Surpreso,374.0,6
2172,Surpreso,376.0,8
2173,Surpreso,378.0,5
2174,Surpreso,380.0,5
2175,Surpreso,382.0,7
2176,Surpreso,384.0,7
2177,Surpreso,386.0,5
2178,Surpreso,388.0,5
2179,Surpreso,390.0,5
2180,Surpreso,392.0,7
2181,Surpreso,394.0,7
2182,Surpreso,396.0,5
2183,Surpreso,398.0,6
2184,Surpreso,400.0,6
2185,Surpreso,402.0,7
2186,Surpreso,404.0,6
2187,Surpreso,406.0,5
2188,Surpreso,408.0,5
2189,Surpreso,410.0,5
2190,Surpreso,412.0,5
2191,Surpreso,414.0,5
2192,Surpreso,416.0,4
2193,Surpreso,418.0,4
2194,Surpreso,420.0,4
2195,Surpreso,422.0,4
2196,Surpreso,424.0,3
2197,Surpreso,426.0,3
2198,Surpreso,428.0,4
2199,Surpreso,430.0,3
2200,Surpreso,432.0,4
2201,Surpreso,434.0,3
2202,Surpreso,436.0,4
2203,Surpreso,438.0,5
2204,Surpreso,440.0,4
2205,Surpreso,442.0,4
2206,Surpreso,444.0,5
2207,Surpreso,446.0,5
2208,Surpreso,448.0,4
2209,Surpreso,450.0,5
2210,Surpreso,452.0,7
2211,Surpreso,454.0,7
2212,Surpreso,456.0,6
2213,Surpreso,458.0,6
2214,Surpreso,460.0,6
2215,Surpreso,462.0,4
2216,Surpreso,464.0,4
2217,Surpreso,466.0,4
2218,Surpreso,468.0,4
2219,Surpreso,470.0,6
2220,Surpreso,472.0,5
2221,Surpreso,474.0,5
2222,Surpreso,476.0,6
2223,Surpreso,478.0,6
2224,Surpreso,480.0,6
2225,Surpreso,482.0,6
2226,Surpreso,484.0,6
2227,Surpreso,486.0,6
2228,Surpreso,488.0,6
2229,Surpreso,490.0,5
2230,Surpreso,492.0,6
2231,Surpreso,494.0,6
2232,Surpreso,496.0,4
2233,Surpreso,498.0,6
2234,Surpreso,500.0,6
2235,Surpreso,502.0,6
2236,Surpreso,504.0,5
2237,Surpreso,506.0,6
2238,Surpreso,508.0,5
2239,Surpreso,510.0,5
2240,Surpreso,512.0,6
2241,Surpreso,514.0,7
2242,Surpreso,516.0,6
2243,Surpreso,518.0,6
2244,Surpreso,520.0,6
2245,Surpreso,522.0,4
2246,Surpreso,524.0,4
2247,Surpreso,526.0,4
2248,Surpreso,528.0,4
2249,Surpreso,530.0,5
2250,Surpreso,532.0,3
2251,Surpreso,534.0,4
2252,Surpreso,536.0,4
2253,Surpreso,538.0,3
2254,Surpreso,540.0,3
2255,Surpreso,542.0,4
2256,Surpreso,544.0,4
2257,Surpreso,548.0,4
2258,Surpreso,550.0,4
2259,Surpreso,558.0,5
2260,Surpreso,560.0,4
2261,Surpreso,562.0,5
2262,Surpreso,564.0,6
2263,Surpreso,566.0,5
2264,Surpreso,568.0,5
2265,Surpreso,570.0,4
2266,Surpreso,572.0,6
2267,Surpreso,574.0,4
2268,Surpreso,576.0,5
2269,Surpreso,578.0,3
2270,Surpreso,580.0,5
2271,Surpreso,582.0,4
2272,Surpreso,584.0,5
2273,Surpreso,586.0,4
2274,Surpreso,588.0,6
2275,Surpreso,590.0,5
2276,Surpreso,592.0,6
2277,Surpreso,594.0,6
2278,Surpreso,596.0,6
2279,Surpreso,598.0,4
2280,Surpreso,600.0,4
2281,Surpreso,602.0,4
2282,Surpreso,604.0,4
2283,Surpreso,606.0,5
2284,Surpreso,608.0,4
2285,Surpreso,610.0,5
2286,Surpreso,612.0,5
2287,Surpreso,614.0,7
2288,Surpreso,616.0,6
2289,Surpreso,618.0,4
2290,Surpreso,620.0,4
2291,Surpreso,622.0,4
2292,Surpreso,624.0,7
2293,Surpreso,626.0,6
2294,Surpreso,628.0,5
2295,Surpreso,630.0,5
2296,Surpreso,632.0,5
2297,Surpreso,634.0,6
2298,Surpreso,636.0,5
2299,Surpreso,638.0,5
2300,Surpreso,640.0,6
2301,Surpreso,642.0,5
2302,Surpreso,644.0,6
2303,Surpreso,646.0,6
2304,Surpreso,648.0,6
2305,Surpreso,650.0,5
2306,Surpreso,652.0,5
2307,Surpreso,654.0,5
2308,Surpreso,656.0,5
2309,Surpreso,658.0,6
2310,Surpreso,660.0,4
2311,Surpreso,662.0,4
2312,Surpreso,664.0,5
2313,Surpreso,670.0,5
2314,Surpreso,674.0,6
2315,Surpreso,678.0,6
2316,Surpreso,680.0,4
2317,Surpreso,682.0,6
2318,Surpreso,684.0,6
2319,Surpreso,686.0,6
2320,Surpreso,688.0,6
